overall_rank,name,pos,pos_rank,tier,team,bye,proj_points,ppg,availability,adp,adp_stdev,vor,vor_model,vor_market,edge,times_drafted,notes
1,Jahmyr Gibbs,RB,1,1,DET,6,331.4,24.37,0.8,1.4,1.0,179.1,182.4,173.0,9.4,1806,
2,Bijan Robinson,RB,2,1,ATL,11,324.9,23.89,0.8,2.2,1.0,165.6,175.9,146.5,29.4,1000,
3,Puka Nacua,WR,1,1,LAR,11,312.5,22.76,0.807,3.4,1.1,164.6,174.4,146.5,27.9,292,
4,Ja'Marr Chase,WR,2,1,CIN,6,311.1,22.66,0.807,3.6,1.0,162.3,173.0,142.4,30.6,1878,
5,Jaxon Smith-Njigba,WR,3,2,SEA,11,284.6,19.7,0.85,5.8,1.3,144.9,146.5,142.0,4.5,944,
6,Christian McCaffrey,RB,3,2,SF,8,291.0,25.59,0.669,5.7,1.7,142.1,142.0,142.4,-0.4,1257,
7,Amon-Ra St. Brown,WR,4,2,DET,6,280.5,19.41,0.85,7.3,1.6,138.9,142.4,132.4,10.0,1225,
8,Jonathan Taylor,RB,4,3,IND,13,272.3,20.02,0.8,7.2,1.7,129.8,123.3,142.0,-18.7,1684,
9,CeeDee Lamb,WR,5,2,DAL,14,270.5,18.72,0.85,10.3,1.7,129.2,132.4,123.3,9.1,910,
10,Nico Collins,WR,6,2,HOU,8,262.0,18.13,0.85,22.1,3.4,113.8,123.9,95.0,28.9,782,
11,Justin Jefferson,WR,7,3,MIN,6,250.4,17.33,0.85,11.7,2.1,112.1,112.3,111.8,0.5,1050,
12,James Cook,RB,5,3,BUF,7,260.8,19.18,0.8,10.4,3.0,112.0,111.8,112.3,-0.5,2468,
13,Drake London,WR,8,3,ATL,11,250.2,17.31,0.85,16.5,4.2,110.8,112.1,108.4,3.7,285,
14,De'Von Achane,RB,6,3,MIA,6,257.4,18.93,0.8,11.2,2.5,109.7,108.4,112.1,-3.7,582,
15,A.J. Brown,WR,9,3,NE,11,247.2,17.11,0.85,16.9,2.6,108.1,109.1,106.2,2.9,1401,
16,Chase Brown,RB,7,3,CIN,6,255.2,18.76,0.8,13.4,2.5,107.2,106.2,109.1,-2.9,1584,
17,George Pickens,WR,10,3,DAL,14,245.7,17.0,0.85,21.0,3.4,104.1,107.6,97.7,9.9,631,
18,Saquon Barkley,RB,8,3,PHI,10,246.7,19.51,0.744,16.1,4.5,101.4,97.7,108.4,-10.7,2829,
19,Derrick Henry,RB,9,3,BAL,13,246.9,20.63,0.704,16.5,2.5,101.3,97.9,107.6,-9.7,970,
20,Brock Bowers,TE,1,1,LV,13,253.5,17.75,0.84,29.9,9.0,96.9,102.6,86.3,16.3,2221,
21,Chris Olave,WR,11,3,NO,8,235.9,16.33,0.85,23.9,6.2,96.4,97.8,93.9,3.9,534,
22,Malik Nabers,WR,12,3,NYG,8,236.7,17.24,0.807,26.5,3.7,96.0,98.6,91.2,7.4,1535,
23,Kenneth Walker,RB,10,3,KC,5,244.0,17.94,0.8,20.6,4.0,96.0,95.0,97.8,-2.8,2309,
24,Omarion Hampton,RB,11,3,LAC,7,242.9,17.86,0.8,19.6,5.5,95.3,93.9,97.9,-4.0,2137,
25,Rashee Rice,WR,13,3,KC,5,229.3,15.87,0.85,22.1,6.8,92.5,91.2,95.0,-3.8,280,
26,Ashton Jeanty,RB,12,4,LV,13,233.9,18.1,0.76,19.1,4.7,89.7,84.9,98.6,-13.7,797,
27,DeVonta Smith,WR,14,3,PHI,10,229.2,15.86,0.85,30.8,3.9,89.3,91.1,85.9,5.2,1268,
28,Zay Flowers,WR,15,4,BAL,13,228.2,16.62,0.807,31.1,8.9,88.6,90.1,85.9,4.2,340,
29,Trey McBride,TE,2,2,ARI,14,234.9,16.45,0.84,28.2,6.1,86.5,84.0,91.2,-7.2,1017,
30,Garrett Wilson,WR,16,4,NYJ,13,224.9,15.56,0.85,34.1,9.6,86.1,86.8,84.9,1.9,507,
31,Tee Higgins,WR,17,4,CIN,6,224.4,16.35,0.807,35.7,4.5,85.8,86.3,84.9,1.4,749,
32,Tetairoa McMillan,WR,18,4,CAR,5,223.0,15.43,0.85,34.1,4.3,84.9,84.9,84.9,0.0,529,
33,Emeka Egbuka,WR,19,4,TB,10,224.0,16.32,0.807,36.8,4.5,84.9,85.9,82.9,3.0,1439,
34,Josh Allen,QB,1,1,BUF,7,351.5,23.5,0.88,28.4,9.3,82.5,78.4,90.1,-11.7,1124,
35,Ladd McConkey,WR,20,4,LAC,7,228.2,15.79,0.85,37.2,4.6,80.6,90.1,63.0,27.1,2152,
36,Jaylen Waddle,WR,21,4,DEN,10,221.0,15.29,0.85,44.4,4.9,74.5,82.9,59.0,23.9,2000,
37,Mike Evans,WR,22,4,SF,8,222.2,16.86,0.775,58.7,7.5,73.0,84.1,52.5,31.6,679,
38,Javonte Williams,RB,13,5,DAL,14,212.0,15.59,0.8,33.4,5.1,70.7,63.0,84.9,-21.9,1446,
39,Terry McLaurin,WR,23,5,WAS,7,213.8,14.8,0.85,51.3,6.1,68.9,75.7,56.2,19.5,672,
40,Kyren Williams,RB,14,5,LAR,11,208.0,15.29,0.8,29.5,4.6,68.7,59.0,86.8,-27.8,1121,
41,Jeremiyah Love,RB,15,5,ARI,14,201.2,15.37,0.77,28.4,3.2,65.8,52.2,91.1,-38.9,594,Preseason ankle; beat reporters put Week 1 at roughly 50/50 [injury]
42,Luther Burden,WR,24,5,CHI,10,209.0,15.22,0.807,54.1,6.6,65.8,70.9,56.2,14.7,1136,
43,Jameson Williams,WR,25,5,DET,6,206.2,14.27,0.85,51.6,8.8,63.9,68.1,56.2,11.9,523,
44,Rome Odunze,WR,26,5,CHI,10,207.9,15.14,0.807,59.2,8.0,62.9,69.8,50.2,19.6,1104,
45,Colston Loveland,TE,3,3,CHI,10,215.4,15.08,0.84,48.4,12.2,61.9,64.5,57.1,7.4,2191,
46,Breece Hall,RB,16,5,NYJ,13,198.3,15.35,0.76,32.7,3.8,61.8,49.3,84.9,-35.6,663,"Groin injury Aug 18, told to miss 2-3 weeks of practice; Week 1 in doubt [injury]"
47,Parker Washington,WR,27,5,JAX,7,212.4,14.7,0.85,66.9,9.2,61.0,74.3,36.2,38.1,2154,
48,Travis Etienne,RB,17,5,NO,8,207.7,15.27,0.8,39.7,5.6,60.2,58.7,63.0,-4.3,864,
49,D'Andre Swift,RB,18,5,CHI,10,208.0,15.29,0.8,46.8,6.1,58.3,59.0,57.1,1.9,1251,
50,Christian Watson,WR,28,5,GB,11,207.6,14.37,0.85,61.8,8.6,57.8,69.5,36.2,33.3,1595,
51,David Montgomery,RB,19,5,HOU,8,206.1,16.3,0.744,51.4,7.4,56.8,57.1,56.2,0.9,1161,
52,Cam Skattebo,RB,20,5,NYG,8,201.2,14.79,0.8,39.7,5.2,56.0,52.2,63.0,-10.8,488,
53,Davante Adams,WR,29,6,LAR,11,192.5,13.88,0.816,45.1,6.7,55.9,54.4,58.7,-4.3,755,
54,Bucky Irving,RB,21,6,TB,10,197.3,14.51,0.8,44.8,5.7,52.0,48.3,59.0,-10.7,548,
55,Quinshon Judkins,RB,22,6,CLE,11,196.0,14.41,0.8,51.4,5.5,50.2,47.0,56.2,-9.2,631,
56,Tyler Warren,TE,4,4,IND,13,201.1,14.82,0.798,59.6,11.4,50.2,50.2,50.2,0.0,1458,
57,Lamar Jackson,QB,2,2,BAL,13,318.0,21.26,0.88,46.2,15.1,49.2,44.9,57.1,-12.2,802,
58,Brian Thomas,WR,30,6,JAX,7,195.4,13.52,0.85,73.7,7.3,47.0,57.3,27.9,29.4,1006,
59,DJ Moore,WR,31,7,BUF,7,179.0,12.39,0.85,49.5,6.9,46.3,40.9,56.2,-15.3,2043,
60,Jayden Reed,WR,32,7,GB,11,197.6,13.67,0.85,97.1,11.9,45.1,59.5,18.4,41.1,586,
61,Drake Maye,QB,3,2,NE,11,309.8,20.71,0.88,50.6,9.1,43.5,36.7,56.2,-19.5,487,
62,Marvin Harrison,WR,33,8,ARI,14,186.2,12.89,0.85,69.3,9.3,41.3,48.1,28.8,19.3,1025,
63,DK Metcalf,WR,34,8,PIT,9,183.3,13.35,0.807,69.7,8.9,39.5,45.2,28.8,16.4,734,
64,Sam LaPorta,TE,5,4,DET,6,196.5,14.48,0.798,87.1,31.8,36.1,45.6,18.4,27.2,684,
65,Bhayshul Tuten,RB,23,7,JAX,7,174.8,13.53,0.76,56.8,7.0,35.1,25.8,52.5,-26.7,1066,
66,Carnell Tate,WR,35,8,TEN,9,177.3,12.92,0.807,75.7,9.7,34.8,39.2,26.7,12.5,1278,
67,Courtland Sutton,WR,36,8,DEN,10,174.3,12.06,0.85,69.0,11.9,33.8,36.2,29.5,6.7,612,
68,Joe Burrow,QB,4,3,CIN,6,296.1,19.79,0.88,54.2,8.1,33.4,23.1,52.5,-29.4,542,
69,Alec Pierce,WR,37,8,IND,13,177.9,12.31,0.85,80.7,15.5,33.1,39.8,20.7,19.1,725,
70,Chris Godwin,WR,38,8,TB,10,173.6,12.01,0.85,84.0,11.2,29.5,35.5,18.4,17.1,1454,
71,Jalen Hurts,QB,5,3,PHI,10,302.5,20.22,0.88,70.0,15.1,29.2,29.5,28.8,0.7,652,
72,Harold Fannin,TE,6,5,CLE,11,180.4,12.63,0.84,72.7,8.7,28.9,29.5,27.9,1.6,139,
73,Josh Downs,WR,39,8,IND,13,172.3,12.55,0.807,100.9,14.7,28.7,34.2,18.4,15.8,777,Recurring name on mid-to-late round target lists [sleeper]
74,Jordan Addison,WR,40,8,MIN,6,171.7,11.88,0.85,98.5,9.7,28.3,33.6,18.4,15.2,552,
75,Michael Pittman,WR,41,9,PIT,9,170.9,12.45,0.807,88.1,15.7,27.8,32.8,18.4,14.4,912,
76,Wan'Dale Robinson,WR,42,9,TEN,9,170.7,12.43,0.807,100.4,19.3,27.6,32.6,18.4,14.2,629,
77,Jayden Daniels,QB,6,3,WAS,7,299.7,20.03,0.88,70.8,12.9,27.1,26.7,27.9,-1.2,467,
78,Jaylen Warren,RB,24,7,PIT,9,170.6,12.54,0.8,66.2,7.1,26.7,21.6,36.2,-14.6,285,
79,Michael Wilson,WR,43,9,ARI,14,166.0,11.49,0.85,80.0,9.9,26.4,27.9,23.7,4.2,851,
80,Jakobi Meyers,WR,44,9,JAX,7,169.3,12.33,0.807,104.6,22.3,26.3,31.2,17.1,14.1,337,
81,Khalil Shakir,WR,45,9,BUF,7,170.7,12.43,0.807,118.4,24.0,24.9,32.6,10.6,22.0,265,
82,Matthew Golden,WR,46,9,GB,11,170.0,11.76,0.85,112.8,15.1,24.5,31.9,10.7,21.2,818,
83,Jadarian Price,RB,25,7,SEA,11,170.0,12.38,0.808,67.1,12.2,24.0,21.0,29.5,-8.5,2869,
84,Makai Lemon,WR,47,9,PHI,10,168.5,11.66,0.85,115.5,24.3,23.5,30.4,10.6,19.8,626,
85,Rhamondre Stevenson,RB,26,7,NE,11,169.0,12.43,0.8,68.6,10.5,23.3,20.0,29.5,-9.5,544,
86,Quentin Johnston,WR,48,9,LAC,7,163.9,11.34,0.85,101.0,13.9,23.2,25.8,18.4,7.4,1210,
87,Kyle Pitts,TE,7,6,ATL,11,171.6,12.02,0.84,75.7,13.3,22.8,20.7,26.7,-6.0,478,
88,Tucker Kraft,TE,8,6,GB,11,174.4,12.86,0.798,87.5,27.4,21.7,23.5,18.4,5.1,1085,
89,Dak Prescott,QB,7,3,DAL,14,290.9,19.44,0.88,70.1,9.4,21.7,17.8,28.8,-11.0,480,
90,Jalen Coker,WR,49,10,CAR,5,165.9,11.48,0.85,131.6,17.4,20.2,27.8,6.0,21.8,393,
91,Los Angeles Rams,DEF,1,1,LAR,11,106.0,6.24,1.0,96.1,14.9,19.4,20.0,18.4,1.6,889,
92,Travis Kelce,TE,9,6,KC,5,171.4,12.5,0.806,101.0,22.8,19.3,20.5,17.1,3.4,320,
93,TreVeyon Henderson,RB,27,8,NE,11,159.0,11.99,0.78,62.1,6.6,19.2,10.0,36.2,-26.2,501,"Ankle; has not practiced since Aug 24, Week 1 status unresolved [injury]"
94,Xavier Worthy,WR,50,10,KC,5,161.5,11.18,0.85,117.5,16.7,18.9,23.4,10.6,12.8,561,
95,Stefon Diggs,WR,51,10,WAS,7,157.3,11.34,0.816,99.7,11.8,18.9,19.2,18.4,0.8,786,
96,Caleb Williams,QB,8,3,CHI,10,289.3,19.34,0.88,80.0,14.6,18.8,16.3,23.5,-7.2,1214,
97,Romeo Doubs,WR,52,10,NE,11,161.2,11.16,0.85,118.0,14.9,18.7,23.1,10.6,12.5,491,
98,George Kittle,TE,10,6,SF,8,169.3,12.48,0.798,86.9,13.9,18.4,18.4,18.4,-0.0,481,
99,Trevor Lawrence,QB,9,3,JAX,7,291.4,19.48,0.88,96.1,13.0,18.4,18.4,18.4,-0.1,1152,
100,Houston Texans,DEF,2,1,HOU,8,104.0,6.12,1.0,96.6,9.5,18.1,18.0,18.4,-0.4,688,
101,Brock Purdy,QB,10,3,SF,8,290.2,19.4,0.88,100.2,22.2,17.6,17.1,18.4,-1.3,204,
102,Seattle Seahawks,DEF,3,1,SEA,11,103.0,6.06,1.0,90.2,13.6,17.5,17.0,18.4,-1.4,203,
103,Tony Pollard,RB,28,8,TEN,9,160.1,12.66,0.744,75.2,9.9,17.0,11.1,27.9,-16.8,323,
104,Rico Dowdle,RB,29,8,PIT,9,161.1,11.85,0.8,79.3,10.1,16.2,12.1,23.7,-11.6,437,
105,KC Concepcion,WR,53,10,CLE,11,156.4,10.82,0.85,118.7,10.7,15.6,18.3,10.6,7.7,1292,
106,Deebo Samuel,WR,54,10,SF,8,155.7,10.78,0.85,120.4,11.9,15.2,17.6,10.6,7.0,485,
107,Justin Herbert,QB,11,3,LAC,7,285.5,19.08,0.88,95.8,16.8,14.5,12.4,18.4,-6.0,1653,
108,Brandon Aubrey,K,1,1,DAL,14,116.0,7.03,0.97,113.1,30.2,14.1,16.0,10.7,5.3,1980,
109,J.K. Dobbins,RB,30,8,DEN,10,160.2,11.78,0.8,89.3,10.8,13.7,11.2,18.4,-7.2,778,
110,Denver Broncos,DEF,4,2,DEN,10,96.0,5.65,1.0,98.8,16.5,12.9,10.0,18.4,-8.4,364,
111,Dalton Kincaid,TE,11,6,BUF,7,163.6,11.46,0.84,123.8,35.1,12.0,12.7,10.6,2.1,371,
112,Philadelphia Eagles,DEF,5,2,PHI,10,98.0,5.76,1.0,127.3,16.1,11.5,12.0,10.6,1.4,408,
113,Jaxson Dart,QB,12,4,NYG,8,284.5,19.02,0.88,110.0,15.9,11.5,11.5,11.5,0.0,569,
114,Mark Andrews,TE,12,6,BAL,13,162.5,11.38,0.84,129.1,15.6,10.7,11.6,8.9,2.7,388,
115,Bo Nix,QB,13,4,DEN,10,283.7,18.97,0.88,113.6,13.4,10.6,10.7,10.6,0.0,666,
116,Ka'imi Fairbairn,K,2,1,HOU,8,113.0,6.85,0.97,133.4,18.2,10.6,13.0,6.0,7.0,177,
117,Jonathon Brooks,RB,31,8,CAR,5,154.9,11.39,0.8,94.6,13.0,10.3,5.9,18.4,-12.5,1545,Knee soreness but Canales 'very optimistic' for Week 1; three-down upside at an ADP near 125 [sleeper]
118,Jake Ferguson,TE,13,6,DAL,14,159.8,11.19,0.84,119.4,24.7,9.5,8.9,10.6,-1.7,463,
119,Jason Myers,K,3,1,SEA,11,111.0,6.73,0.97,132.2,20.2,9.2,11.0,6.0,5.0,153,
120,Kyle Monangai,RB,32,8,CHI,10,154.6,11.97,0.76,107.9,13.4,9.2,5.6,16.0,-10.4,532,
121,Kenny Gainwell,RB,33,8,TB,10,152.3,11.2,0.8,99.7,14.6,8.6,3.3,18.4,-15.1,514,
122,Isaiah Likely,TE,14,6,NYG,8,157.3,11.02,0.84,124.5,23.9,7.9,6.4,10.6,-4.2,1253,Late-round TE with starter-level upside if the role expands [sleeper]
123,Chuba Hubbard,RB,34,8,CAR,5,147.9,11.45,0.76,80.6,9.5,7.5,-1.1,23.5,-24.6,412,
124,Jordan Mason,RB,35,9,MIN,6,153.7,11.3,0.8,111.4,16.4,6.8,4.7,10.7,-6.0,1492,Widely listed as a priority late-round insurance back [sleeper]
125,Cam Little,K,4,1,JAX,7,112.0,6.79,0.97,145.2,20.5,6.8,12.0,-3.0,15.0,366,
126,Patrick Mahomes,QB,14,5,KC,5,274.7,19.33,0.836,106.8,13.3,6.7,1.6,16.0,-14.4,694,
127,Cameron Dicker,K,5,2,LAC,7,106.0,6.77,0.921,134.8,25.0,6.0,6.0,6.0,0.0,241,
128,New England Patriots,DEF,6,3,NE,11,92.0,5.41,1.0,131.1,16.1,6.0,6.0,6.0,0.0,284,
129,Minnesota Vikings,DEF,7,3,MIN,6,92.0,5.41,1.0,131.6,23.0,6.0,6.0,6.0,0.0,117,
130,Matthew Stafford,QB,15,5,LAR,11,269.2,18.94,0.836,82.4,16.2,4.7,-3.8,20.7,-24.5,392,
131,Baltimore Ravens,DEF,8,3,BAL,13,95.0,5.59,1.0,151.9,21.9,4.7,9.0,-3.4,12.4,446,
132,Jared Goff,QB,16,5,DET,6,273.5,18.28,0.88,114.3,18.7,4.0,0.4,10.6,-10.2,588,"QB1 finish in four straight seasons, still drafted outside that range [value]"
133,Detroit Lions,DEF,9,3,DET,6,92.0,5.41,1.0,142.2,17.7,3.9,6.0,0.0,6.0,163,
134,MarShawn Lloyd,RB,36,9,GB,11,149.0,10.96,0.8,126.7,29.6,3.7,0.0,10.6,-10.6,1472,
135,Chris Boswell,K,6,2,PIT,9,107.0,6.49,0.97,150.6,12.0,3.5,7.0,-3.0,10.0,48,
136,RJ Harvey,RB,37,9,DEN,10,144.1,10.6,0.8,89.3,13.8,3.3,-4.9,18.4,-23.3,524,
137,Harrison Mevis,K,7,2,LAR,11,106.0,6.43,0.97,151.7,18.9,2.9,6.0,-3.0,9.0,110,
138,Jake Bates,K,8,2,DET,6,105.0,6.37,0.97,148.9,19.9,2.2,5.0,-3.0,8.0,161,
139,Hunter Henry,TE,15,7,NE,11,153.5,10.75,0.84,151.7,21.2,0.7,2.6,-3.0,5.6,99,
140,Kyler Murray,QB,17,5,MIN,6,273.1,18.25,0.88,139.5,15.9,0.5,0.0,1.3,-1.3,505,
141,Rashid Shaheed,WR,55,11,SEA,11,138.1,9.56,0.85,136.4,16.2,0.5,0.0,1.3,-1.3,371,
142,Pittsburgh Steelers,DEF,10,4,PIT,9,88.0,5.18,1.0,145.0,15.3,0.3,2.0,-3.0,5.0,464,
143,Jacksonville Jaguars,DEF,11,4,JAX,7,91.0,5.35,1.0,154.8,16.5,-1.0,5.0,-12.2,17.2,801,
144,Brenton Strange,TE,16,7,JAX,7,161.0,11.27,0.84,162.4,16.5,-2.1,10.1,-24.7,34.8,42,
145,Will Reichard,K,9,2,MIN,6,109.0,6.61,0.97,162.9,19.7,-2.8,9.0,-24.7,33.7,105,
146,Denzel Boston,WR,56,11,CLE,11,134.7,9.32,0.85,150.0,21.7,-3.2,-3.4,-3.0,-0.4,87,
147,Jordan Love,QB,18,5,GB,11,268.5,17.95,0.88,149.5,15.2,-4.0,-4.5,-3.0,-1.6,354,
148,Aaron Jones,RB,38,10,MIN,6,137.1,11.46,0.704,114.9,15.3,-4.0,-11.9,10.6,-22.5,248,
149,De'Zhaun Stribling,WR,57,11,SF,8,128.4,9.35,0.807,130.3,18.6,-4.1,-9.7,6.4,-16.1,1759,
150,Los Angeles Chargers,DEF,12,5,LAC,7,86.0,5.06,1.0,154.1,18.5,-4.3,0.0,-12.2,12.2,579,
151,Harrison Butker,K,10,3,KC,5,100.0,6.06,0.97,158.0,19.6,-4.9,0.0,-14.1,14.1,210,
152,Blake Grupe,K,11,3,NYJ,13,99.0,6.0,0.97,155.6,36.1,-4.9,-1.0,-12.3,11.3,12,
153,Blake Corum,RB,39,10,LAR,11,135.3,9.95,0.8,113.9,19.1,-5.2,-13.7,10.6,-24.3,1417,
154,Dallas Goedert,TE,17,8,PHI,10,136.0,9.52,0.84,117.9,20.2,-6.0,-14.9,10.6,-25.5,444,
155,Baker Mayfield,QB,19,5,TB,10,261.9,17.51,0.88,135.0,12.5,-6.8,-11.2,1.3,-12.5,374,
156,Oronde Gadsden,TE,18,8,LAC,7,141.8,9.93,0.84,150.9,33.2,-7.0,-9.1,-3.0,-6.1,0,
157,Tyler Loop,K,12,3,BAL,13,106.0,6.43,0.97,165.7,19.9,-7.1,6.0,-31.3,37.3,100,
158,Evan McPherson,K,13,3,CIN,6,106.0,6.43,0.97,171.4,23.8,-7.4,6.0,-32.3,38.3,70,
159,Chase McLaughlin,K,14,3,TB,10,105.0,6.37,0.97,180.5,37.5,-8.1,5.0,-32.3,37.3,174,
160,T.J. Hockenson,TE,19,8,MIN,6,155.0,10.85,0.84,167.0,26.8,-8.7,4.1,-32.3,36.4,52,
161,Malik Washington,WR,58,11,MIA,6,131.3,9.09,0.85,161.4,16.9,-9.4,-6.8,-14.1,7.3,202,
162,Tyler Bass,K,15,3,BUF,7,103.0,6.25,0.97,221.0,69.5,-9.4,3.0,-32.3,35.3,21,
163,Daniel Carlson,K,16,3,NO,8,104.0,6.31,0.97,270,45.0,-9.6,4.0,-34.8,38.8,0,
164,Rachaad White,RB,40,11,WAS,7,128.1,9.91,0.76,126.0,17.7,-9.9,-20.9,10.6,-31.5,317,
165,Jacory Croskey-Merritt,RB,41,11,WAS,7,127.9,8.85,0.85,115.2,13.8,-10.0,-21.1,10.6,-31.7,925,Minor groin; expected to play Week 1 vs PHI [injury]
166,Eddy Pineiro,K,17,3,SF,8,101.0,6.12,0.97,188.1,41.4,-10.7,1.0,-32.3,33.3,0,
167,Kansas City Chiefs,DEF,13,5,KC,5,87.0,5.12,1.0,194.5,31.6,-10.7,1.0,-32.3,33.3,13,
168,Dalton Schultz,TE,20,8,HOU,8,150.9,10.57,0.84,174.0,19.5,-11.3,0.0,-32.3,32.3,30,
169,Wil Lutz,K,18,4,DEN,10,100.0,6.06,0.97,198.6,48.2,-11.3,0.0,-32.3,32.3,150,
170,Cairo Santos,K,19,4,CHI,10,100.0,6.06,0.97,189.8,34.2,-11.3,0.0,-32.3,32.3,50,
171,New York Giants,DEF,14,5,NYG,8,86.0,5.06,1.0,196.4,41.4,-11.3,0.0,-32.3,32.3,32,
172,Green Bay Packers,DEF,15,5,GB,11,86.0,5.06,1.0,176.9,31.7,-11.3,0.0,-32.3,32.3,15,
173,Dallas Cowboys,DEF,16,5,DAL,14,86.0,5.06,1.0,180.7,31.2,-11.3,0.0,-32.3,32.3,39,
174,Chris Rodriguez,RB,42,11,JAX,7,132.5,9.74,0.8,150.9,18.9,-11.8,-16.5,-3.0,-13.5,201,
175,Chicago Bears,DEF,17,5,CHI,10,85.0,5.0,1.0,188.8,37.1,-12.0,-1.0,-32.3,31.3,21,
176,San Francisco 49ers,DEF,18,5,SF,8,84.0,4.94,1.0,180.8,36.5,-12.6,-2.0,-32.3,30.3,9,
177,Indianapolis Colts,DEF,19,5,IND,13,84.0,4.94,1.0,219.0,48.2,-12.6,-2.0,-32.3,30.3,0,
178,Buffalo Bills,DEF,20,6,BUF,7,84.0,4.94,1.0,183.4,30.8,-12.6,-2.0,-32.3,30.3,471,
179,Tre Tucker,WR,59,12,LV,13,125.9,8.71,0.85,159.9,37.1,-12.9,-12.2,-14.1,1.9,251,
180,Jerry Jeudy,WR,60,13,CLE,11,119.6,8.28,0.85,152.3,30.4,-13.2,-18.5,-3.4,-15.1,257,
181,Atlanta Falcons,DEF,21,6,ATL,11,83.0,4.88,1.0,187.5,35.9,-13.3,-3.0,-32.3,29.3,339,
182,Tyler Shough,QB,20,5,NO,8,258.9,17.31,0.88,155.5,24.8,-13.4,-14.1,-12.2,-1.9,229,
183,Andy Borregales,K,20,5,NE,11,96.0,5.82,0.97,176.1,27.1,-13.9,-4.0,-32.3,28.3,19,
184,Tampa Bay Buccaneers,DEF,22,6,TB,10,81.0,4.76,1.0,201.1,32.1,-14.6,-5.0,-32.3,27.3,7,
185,Carolina Panthers,DEF,23,6,CAR,5,81.0,4.76,1.0,238.4,52.4,-14.9,-5.0,-33.2,28.2,0,
186,Juwan Johnson,TE,21,9,NO,8,140.9,9.87,0.84,164.0,20.4,-15.1,-10.0,-24.7,14.7,199,
187,Nick Folk,K,21,5,ATL,11,95.0,5.76,0.97,285.5,62.8,-15.7,-5.0,-35.6,30.6,0,
188,Sam Darnold,QB,21,6,SEA,11,250.7,16.76,0.88,152.7,15.5,-15.7,-22.3,-3.4,-18.9,153,
189,Chig Okonkwo,TE,22,9,WAS,7,144.1,10.09,0.84,180.7,28.1,-15.7,-6.8,-32.3,25.5,23,
190,Cincinnati Bengals,DEF,24,6,CIN,6,79.0,4.65,1.0,203.8,41.8,-15.9,-7.0,-32.3,25.3,42,
191,Jalen Nailor,WR,61,13,LV,13,130.6,9.04,0.85,167.2,18.2,-16.2,-7.5,-32.3,24.8,113,
192,AJ Barner,TE,23,9,SEA,11,142.4,9.97,0.84,170.7,41.6,-16.8,-8.5,-32.3,23.8,6,
193,New Orleans Saints,DEF,25,6,NO,8,77.0,4.53,1.0,208.4,34.3,-17.2,-9.0,-32.3,23.3,44,
194,Jordyn Tyson,WR,62,14,NO,8,111.0,16.32,0.357,140.2,27.5,-17.6,-27.1,0.0,-27.1,147,
195,Jake Elliott,K,22,6,PHI,10,90.0,5.46,0.97,197.0,24.0,-17.8,-10.0,-32.3,22.3,8,
196,Jalen McMillan,WR,63,14,TB,10,127.4,9.28,0.807,167.9,37.0,-18.3,-10.7,-32.3,21.6,105,
197,Omar Cooper,WR,64,14,NYJ,13,127.1,8.8,0.85,182.8,21.3,-18.5,-11.0,-32.3,21.3,9,
198,Washington Commanders,DEF,26,6,WAS,7,75.0,4.41,1.0,188.5,43.7,-18.5,-11.0,-32.3,21.3,15,
199,Ryan Fitzgerald,K,23,6,CAR,5,92.0,5.58,0.97,347.0,76.3,-18.7,-8.0,-38.6,30.6,0,
200,Malik Willis,QB,22,6,MIA,6,261.1,17.45,0.88,180.7,27.3,-19.1,-11.9,-32.3,20.4,209,
201,Cleveland Browns,DEF,27,6,CLE,11,74.0,4.35,1.0,204.4,54.8,-19.1,-12.0,-32.3,20.3,214,
202,Kayshon Boutte,WR,65,14,HOU,8,125.2,8.66,0.85,174.8,25.1,-19.7,-12.9,-32.3,19.4,195,
203,Chad Ryland,K,24,7,ARI,14,89.0,5.4,0.97,350.0,77.0,-20.7,-11.0,-38.8,27.8,0,
204,Ryan Flournoy,WR,66,14,DAL,14,121.2,8.39,0.85,192.8,35.2,-22.3,-16.9,-32.3,15.4,37,
205,Tyjae Spears,RB,43,12,TEN,9,114.6,8.43,0.8,143.5,23.7,-23.4,-34.4,-3.0,-31.4,117,
206,Tennessee Titans,DEF,28,7,TEN,9,67.0,3.94,1.0,215.5,48.6,-23.7,-19.0,-32.3,13.3,64,
207,Andre Szmyt,K,25,8,CLE,11,84.0,5.09,0.97,342.0,75.2,-23.8,-16.0,-38.4,22.4,0,
208,Joey Slye,K,26,8,TEN,9,84.0,5.09,0.97,351.0,77.2,-24.0,-16.0,-38.8,22.8,0,
209,Gunnar Helm,TE,24,10,TEN,9,130.3,9.12,0.84,233.1,51.3,-24.9,-20.6,-32.9,12.3,0,
210,Arizona Cardinals,DEF,29,7,ARI,14,66.0,3.88,1.0,273.0,60.1,-25.2,-20.0,-34.9,14.9,0,
211,New York Jets,DEF,30,7,NYJ,13,64.0,3.76,1.0,213.6,66.3,-25.6,-22.0,-32.3,10.3,6,
212,Las Vegas Raiders,DEF,31,7,LV,13,65.0,3.82,1.0,279.3,61.4,-26.0,-21.0,-35.2,14.2,0,
213,Pat Freiermuth,TE,25,10,PIT,9,128.4,8.99,0.84,239.9,52.8,-26.3,-22.5,-33.3,10.8,0,
214,Ja'Kobi Lane,WR,67,15,BAL,13,104.9,7.26,0.85,161.6,20.8,-26.5,-33.2,-14.1,-19.1,113,
215,Josh Jacobs,RB,44,13,GB,11,87.2,11.49,0.446,65.0,30.6,-27.5,-61.8,36.2,-98.0,416,
216,Tre' Harris,WR,68,15,LAC,7,112.9,8.22,0.807,195.8,35.4,-27.7,-25.2,-32.3,7.1,12,
217,Miami Dolphins,DEF,32,8,MIA,6,62.0,3.65,1.0,299.0,65.8,-28.3,-24.0,-36.2,12.2,0,
218,Matt Gay,K,27,9,LV,13,75.0,4.55,0.97,263.3,57.9,-28.3,-25.0,-34.4,9.4,0,
219,Keenan Allen,WR,69,16,IND,13,106.8,7.7,0.816,162.0,34.2,-29.0,-31.3,-24.7,-6.6,123,
220,Devaughn Vele,WR,70,16,NO,8,110.6,7.65,0.85,194.9,39.1,-29.2,-27.5,-32.3,4.8,32,
221,Cade Otton,TE,26,10,TB,10,122.3,8.56,0.84,233.1,51.3,-30.1,-28.6,-32.9,4.3,0,
222,Spencer Shrader,K,28,9,IND,13,75.0,4.55,0.97,378.0,83.2,-30.3,-25.0,-40.2,15.2,0,
223,Darren Waller,TE,27,10,CAR,5,122.6,8.94,0.806,270,45.0,-30.6,-28.3,-34.8,6.5,0,
224,Trey Smack,K,29,10,GB,11,70.0,4.24,0.97,177.7,25.6,-30.8,-30.0,-32.3,2.3,46,
225,Jauan Jennings,WR,71,17,MIN,6,105.7,7.31,0.85,171.6,36.5,-32.4,-32.4,-32.3,-0.1,59,
226,Malachi Fields,WR,72,17,NYG,8,105.2,7.28,0.85,188.0,31.1,-32.7,-32.9,-32.3,-0.6,18,
227,Mike Washington,RB,45,13,LV,13,97.5,7.1,0.808,146.8,23.5,-34.5,-51.5,-3.0,-48.5,437,
228,Rashod Bateman,WR,73,17,BAL,13,102.3,7.08,0.85,187.1,39.9,-34.6,-35.8,-32.3,-3.5,35,
229,Drew Stevens,K,30,10,WAS,7,74.0,4.49,0.97,629.7,138.5,-35.4,-26.0,-52.8,26.8,0,
230,Tyrone Tracy,RB,46,13,NYG,8,111.3,8.61,0.76,166.1,17.9,-35.5,-37.7,-31.3,-6.4,66,
231,C.J. Stroud,QB,23,7,HOU,8,235.8,15.76,0.88,176.7,26.7,-35.5,-37.2,-32.3,-4.9,141,
232,Dominic Zvada,K,31,11,NYG,8,66.0,4.0,0.97,355.3,78.2,-35.8,-34.0,-39.0,5.0,0,
233,Germie Bernard,WR,74,17,PIT,9,98.9,6.84,0.85,191.8,35.7,-36.8,-39.2,-32.3,-6.9,7,
234,Cyrus Allen,WR,75,17,KC,5,94.5,6.54,0.85,163.8,23.5,-37.0,-43.6,-24.7,-18.9,22,
235,Adonai Mitchell,WR,76,17,NYJ,13,98.3,6.8,0.85,189.4,38.3,-37.2,-39.8,-32.3,-7.5,43,
236,Greg Dulcich,TE,28,11,MIA,6,110.9,7.77,0.84,190.4,37.1,-37.3,-40.0,-32.3,-7.7,20,
237,Riley Patterson,K,32,12,MIA,6,61.0,3.7,0.97,267.0,58.7,-37.5,-39.0,-34.6,-4.4,0,
238,Ted Hurst,WR,77,17,TB,10,97.9,6.78,0.85,239.6,52.7,-37.8,-40.2,-33.3,-6.9,0,
239,Pat Bryant,WR,78,17,DEN,10,96.4,6.67,0.85,227.2,50.0,-38.5,-41.7,-32.6,-9.1,0,
240,Caleb Douglas,WR,79,18,MIA,6,94.8,6.56,0.85,178.7,29.9,-39.5,-43.3,-32.3,-11.0,74,
241,Tyreek Hill,WR,80,18,FA,0,93.7,6.83,0.807,224.9,49.5,-40.2,-44.4,-32.5,-11.9,0,
242,Tory Horton,WR,81,18,SEA,11,92.0,6.7,0.807,228.7,50.3,-41.4,-46.1,-32.7,-13.4,0,
243,Mike Gesicki,TE,29,12,CIN,6,104.9,7.35,0.84,270,45.0,-42.1,-46.0,-34.8,-11.2,0,
244,Woody Marks,RB,47,14,HOU,8,83.8,6.16,0.8,143.5,16.1,-42.4,-65.2,0.0,-65.2,362,
245,Andrei Iosivas,WR,82,18,CIN,6,91.3,6.32,0.85,270,45.0,-42.6,-46.8,-34.8,-12.0,0,
246,Bryce Young,QB,24,8,CAR,5,224.6,15.01,0.88,189.5,36.8,-42.8,-48.5,-32.3,-16.1,23,
247,Chimere Dike,WR,83,18,TEN,9,89.4,6.19,0.85,229.4,50.5,-43.1,-48.7,-32.8,-15.9,0,
248,Terrance Ferguson,TE,30,12,LAR,11,100.3,7.39,0.798,180.7,29.0,-44.2,-50.6,-32.3,-18.3,26,
249,Kenyon Sadiq,TE,31,12,NYJ,13,100.2,7.39,0.798,167.0,22.4,-44.3,-50.7,-32.3,-18.4,18,
250,Isaac TeSlaa,WR,84,18,DET,6,87.1,6.03,0.85,195.9,29.7,-44.5,-51.0,-32.3,-18.7,7,
251,Cooper Kupp,WR,85,18,SEA,11,86.4,5.98,0.85,174.2,26.5,-44.9,-51.7,-32.3,-19.4,130,
252,Keaton Mitchell,RB,48,14,LAC,7,96.9,7.5,0.76,169.8,21.3,-45.2,-52.1,-32.3,-19.8,112,
253,Keon Coleman,WR,86,18,BUF,7,85.8,6.25,0.807,234.8,51.7,-45.6,-52.3,-33.0,-19.3,0,
254,Jaylin Noel,WR,87,19,HOU,8,85.2,6.21,0.807,189.5,24.8,-45.7,-52.9,-32.3,-20.6,9,
255,Mason Taylor,TE,32,12,NYJ,13,96.4,6.75,0.84,224.3,49.3,-46.8,-54.5,-32.5,-22.0,0,
256,Tyler Allgeier,RB,49,15,ARI,14,77.2,5.68,0.8,149.6,20.8,-47.7,-71.8,-3.0,-68.8,204,
257,Dontayvion Wicks,WR,88,20,PHI,10,70.4,4.87,0.85,161.2,15.7,-48.9,-67.7,-14.1,-53.6,168,
258,Cam Ward,QB,25,9,TEN,9,214.8,14.36,0.88,194.0,37.8,-49.2,-58.2,-32.3,-25.9,29,
259,DeMario Douglas,WR,89,20,NE,11,80.4,5.56,0.85,270,45.0,-49.7,-57.7,-34.8,-22.9,0,
260,Zachariah Branch,WR,90,20,ATL,11,78.5,5.43,0.85,175.4,56.3,-50.1,-59.6,-32.3,-27.3,6,
261,Dylan Sampson,RB,50,15,CLE,11,88.7,6.52,0.8,170.3,21.8,-50.5,-60.3,-32.3,-28.0,62,
262,Daniel Jones,QB,26,9,IND,13,212.5,14.21,0.88,175.3,26.7,-50.7,-60.5,-32.3,-28.2,182,
263,Jack Bech,WR,91,20,LV,13,77.9,5.39,0.85,238.2,52.4,-50.7,-60.2,-33.2,-27.0,0,
264,Calvin Ridley,WR,92,20,TEN,9,77.3,5.35,0.85,193.4,51.3,-50.8,-60.8,-32.3,-28.5,78,
265,Darius Slayton,WR,93,20,NYG,8,76.3,5.28,0.85,178.0,5.8,-51.5,-61.8,-32.3,-29.5,15,
266,Kendrick Bourne,WR,94,20,ARI,14,77.4,5.36,0.85,270,45.0,-51.6,-60.7,-34.8,-25.9,0,
267,Antonio Williams,WR,95,20,WAS,7,75.2,5.2,0.85,235.8,51.9,-52.5,-62.9,-33.1,-29.8,0,
268,Olamide Zaccheaus,WR,96,21,ATL,11,75.8,5.25,0.85,270,45.0,-52.7,-62.3,-34.8,-27.5,0,
269,Samaje Perine,RB,51,16,CIN,6,69.8,5.83,0.704,152.9,40.5,-53.0,-79.2,-4.5,-74.7,11,
270,Zane Gonzalez,K,33,13,FA,0,36.0,2.3,0.921,270,45.0,-53.8,-64.0,-34.8,-29.2,0,
271,Darnell Mooney,WR,97,21,NYG,8,73.4,5.08,0.85,249.2,54.8,-53.9,-64.7,-33.7,-31.0,0,
272,Geno Smith,QB,27,9,NYJ,13,208.5,13.94,0.88,270,45.0,-54.2,-64.6,-34.8,-29.8,0,
273,Zach Charbonnet,RB,52,16,SEA,11,67.2,8.98,0.44,144.7,18.9,-54.2,-81.8,-3.0,-78.8,521,
274,Darnell Washington,TE,33,13,PIT,9,85.1,5.96,0.84,270,45.0,-54.9,-65.8,-34.8,-31.0,0,
275,Charlie Smyth,K,34,14,NO,8,34.0,2.06,0.97,269.0,59.2,-55.1,-66.0,-34.7,-31.3,0,
276,Jason Sanders,K,35,14,NYJ,13,34.0,2.06,0.97,270,45.0,-55.1,-66.0,-34.8,-31.2,0,
277,KaVontae Turpin,WR,98,21,DAL,14,71.5,4.95,0.85,270,45.0,-55.5,-66.6,-34.8,-31.8,0,
278,Marvin Mims,WR,99,21,DEN,10,69.9,5.09,0.807,219.5,48.3,-55.6,-68.2,-32.3,-35.9,0,
279,Jahan Dotson,WR,100,21,ATL,11,71.2,4.93,0.85,270,45.0,-55.7,-66.9,-34.8,-32.1,0,
280,Jake Moody,K,36,14,BAL,13,34.0,2.06,0.97,333.0,73.3,-56.2,-66.0,-37.9,-28.1,0,
281,Eli Stowers,TE,34,13,PHI,10,81.4,6.0,0.798,238.9,52.6,-56.8,-69.5,-33.2,-36.3,0,
282,Chris Bell,WR,101,22,MIA,6,67.2,4.65,0.85,196.1,40.1,-57.4,-70.9,-32.3,-38.6,53,
283,Fernando Mendoza,QB,28,10,LV,13,201.2,13.45,0.88,165.6,40.4,-57.6,-71.9,-31.0,-40.9,12,
284,Michael Mayer,TE,35,13,LV,13,80.8,5.66,0.84,270,45.0,-57.7,-70.1,-34.8,-35.3,0,
285,Marquise Brown,WR,102,22,PHI,10,67.5,4.67,0.85,270,45.0,-58.1,-70.6,-34.8,-35.8,0,
286,Troy Franklin,WR,103,22,DEN,10,66.1,4.57,0.85,204.8,40.7,-58.1,-72.0,-32.3,-39.7,14,
287,Xavier Legette,WR,104,22,CAR,5,66.0,4.81,0.807,180.6,29.5,-58.2,-72.1,-32.3,-39.8,9,
288,Cole Kmet,TE,36,13,CHI,10,79.7,5.58,0.84,270,45.0,-58.5,-71.2,-34.8,-36.4,0,
289,Ben Sauls,K,37,15,FA,0,31.0,1.98,0.921,369.0,81.2,-58.8,-69.0,-39.7,-29.3,0,
290,Jordan James,RB,53,17,SF,8,59.7,4.39,0.8,152.5,14.7,-59.2,-89.3,-3.4,-85.9,11,
291,Theo Johnson,TE,37,13,NYG,8,77.0,5.68,0.798,232.2,51.1,-59.5,-73.9,-32.9,-41.0,0,
292,Jonah Coleman,RB,54,17,DEN,10,63.9,4.65,0.808,158.9,20.6,-60.3,-85.1,-14.1,-71.0,68,
293,Colby Parkinson,TE,38,13,LAR,11,76.3,5.34,0.84,251.4,55.3,-60.3,-74.6,-33.9,-40.7,0,
294,Tyquan Thornton,WR,105,23,KC,5,62.6,4.33,0.85,174.5,25.7,-60.4,-75.5,-32.3,-43.2,6,
295,Dawson Knox,TE,39,13,BUF,7,76.4,5.35,0.84,270,45.0,-60.6,-74.5,-34.8,-39.7,0,
296,Skyler Bell,WR,106,23,BUF,7,63.6,4.4,0.85,270,45.0,-60.6,-74.5,-34.8,-39.7,0,
297,Alvin Kamara,RB,55,17,NO,8,63.0,5.54,0.669,158.0,20.1,-60.8,-86.0,-14.1,-71.9,224,
298,Brandon McManus,K,38,15,FA,0,36.0,2.18,0.97,680.6,149.7,-61.0,-64.0,-55.3,-8.7,0,
299,Barion Brown,WR,107,23,NO,8,63.0,4.36,0.85,270,45.0,-61.0,-75.1,-34.8,-40.3,0,
300,Isaiah Bond,WR,108,23,CLE,11,62.8,4.35,0.85,270,45.0,-61.1,-75.3,-34.8,-40.5,0,
301,Elijah Sarratt,WR,109,23,BAL,13,61.4,4.25,0.85,229.2,50.4,-61.3,-76.7,-32.7,-44.0,0,
302,Justice Hill,RB,56,17,BAL,13,67.7,5.35,0.744,163.8,13.9,-61.5,-81.3,-24.7,-56.6,24,
303,Malik Benson,WR,110,23,LV,13,60.6,4.19,0.85,270,45.0,-62.5,-77.5,-34.8,-42.7,0,
304,Brian Robinson,RB,57,17,ATL,11,69.9,5.14,0.8,167.4,17.6,-62.7,-79.1,-32.3,-46.8,52,
305,Josh Cameron,WR,111,23,JAX,7,59.6,4.12,0.85,270,45.0,-63.2,-78.5,-34.8,-43.7,0,
306,Elijah Arroyo,TE,40,14,SEA,11,72.2,5.06,0.84,270,45.0,-63.3,-78.7,-34.8,-43.9,0,
307,Malik Davis,RB,58,17,DAL,14,68.9,5.07,0.8,169.6,14.1,-63.4,-80.1,-32.3,-47.8,11,
308,Jake Tonges,TE,41,14,SF,8,70.8,4.96,0.84,241.4,53.1,-63.7,-80.1,-33.4,-46.7,0,
309,Zavion Thomas,WR,112,23,CHI,10,57.2,3.96,0.85,171.3,12.2,-63.9,-80.9,-32.3,-48.6,6,
310,Evan Engram,TE,42,14,DEN,10,70.7,4.95,0.84,270,45.0,-64.3,-80.2,-34.8,-45.4,0,
311,Mack Hollins,WR,113,24,NE,11,57.6,3.99,0.85,270,45.0,-64.5,-80.5,-34.8,-45.7,0,
312,Elic Ayomanor,WR,114,24,TEN,9,56.7,3.92,0.85,241.5,53.1,-64.6,-81.4,-33.4,-48.0,0,
313,Tank Bigsby,RB,59,18,PHI,10,65.2,4.79,0.8,169.4,25.0,-65.8,-83.8,-32.3,-51.5,79,
314,Emmett Johnson,RB,60,18,KC,5,65.2,4.75,0.808,172.0,37.6,-65.8,-83.8,-32.3,-51.5,23,
315,Ray Davis,RB,61,18,BUF,7,65.1,4.79,0.8,190.8,33.5,-65.9,-83.9,-32.3,-51.6,8,
316,Younghoe Koo,K,39,16,FA,0,18.0,1.09,0.97,339.0,74.6,-66.7,-82.0,-38.2,-43.8,0,
317,Nicholas Singleton,RB,62,18,TEN,9,63.7,4.64,0.808,184.6,36.7,-66.8,-85.3,-32.3,-53.0,7,
318,Tank Dell,WR,115,25,HOU,8,51.9,7.63,0.357,174.8,29.4,-67.3,-86.2,-32.3,-53.9,22,
319,Brandon Aiyuk,WR,116,26,SF,8,49.6,6.87,0.425,182.6,62.8,-68.8,-88.5,-32.3,-56.2,5,
320,Kimani Vidal,RB,63,19,LAC,7,60.0,4.41,0.8,237.8,52.3,-69.5,-89.0,-33.2,-55.8,0,
321,Ty Johnson,RB,64,20,BUF,7,55.8,4.64,0.707,164.3,12.5,-69.6,-93.2,-25.9,-67.3,9,
322,Isaiah Davis,RB,65,20,NYJ,13,60.5,4.68,0.76,270,45.0,-69.7,-88.5,-34.8,-53.7,0,
323,Will Kacmarek,TE,43,15,MIA,6,61.6,4.31,0.84,270,45.0,-70.2,-89.3,-34.8,-54.5,0,
324,John Metchie,WR,117,26,CAR,5,48.8,3.38,0.85,270,45.0,-70.2,-89.3,-34.8,-54.5,0,
325,Greg Dortch,WR,118,26,BUF,7,48.1,3.33,0.85,270,45.0,-70.7,-90.0,-34.8,-55.2,0,
326,James Conner,RB,66,21,ARI,14,57.2,8.41,0.296,230.8,50.8,-71.2,-91.8,-32.8,-59.0,0,
327,Christian Kirk,WR,119,26,SF,8,46.4,6.82,0.357,241.7,53.2,-71.3,-91.7,-33.4,-58.3,0,
328,Jaydon Blue,RB,67,21,PHI,10,56.6,4.16,0.8,228.6,50.3,-71.5,-92.4,-32.7,-59.7,0,
329,David Njoku,TE,44,16,LAC,7,58.0,4.06,0.84,221.4,48.7,-71.7,-92.9,-32.4,-60.5,0,
330,Noah Gray,TE,45,16,KC,5,59.1,4.14,0.84,270,45.0,-71.8,-91.8,-34.8,-57.0,0,
331,Emanuel Wilson,RB,68,21,SEA,11,56.5,4.15,0.8,250.3,55.1,-72.0,-92.5,-33.8,-58.7,0,
332,Chris Brooks,RB,69,21,GB,11,56.3,4.14,0.8,270,45.0,-72.4,-92.7,-34.8,-57.9,0,
333,LeQuint Allen,RB,70,21,JAX,7,56.2,4.35,0.76,270,45.0,-72.5,-92.8,-34.8,-58.0,0,
334,Justin Joly,TE,46,16,MIA,6,58.0,4.06,0.84,270,45.0,-72.6,-92.9,-34.8,-58.1,0,
335,Cade York,K,40,17,FA,0,9.0,0.55,0.97,350.0,77.0,-72.7,-91.0,-38.8,-52.2,0,
336,Isiah Pacheco,RB,71,22,DET,6,53.6,4.38,0.72,171.3,26.1,-73.3,-95.4,-32.3,-63.1,116,MCL sprain plus a back issue; Week 1 in question [injury]
337,Max Klare,TE,47,16,LAR,11,56.1,3.93,0.84,248.8,54.7,-73.4,-94.8,-33.7,-61.1,0,
338,Braelon Allen,RB,72,22,NYJ,13,52.2,3.84,0.8,177.8,35.5,-74.2,-96.8,-32.3,-64.5,30,
339,Sean Tucker,RB,73,22,TB,10,52.5,4.06,0.76,243.9,53.7,-74.4,-96.5,-33.5,-63.0,0,
340,Konata Mumpfield,WR,120,27,LAR,11,41.7,2.89,0.85,270,45.0,-74.8,-96.4,-34.8,-61.6,0,
341,Matt Prater,K,41,17,FA,0,14.0,0.85,0.97,687.8,151.3,-75.4,-86.0,-55.7,-30.3,0,
342,Graham Gano,K,42,17,FA,0,14.0,0.89,0.921,691.0,152.0,-75.4,-86.0,-55.8,-30.2,0,
343,Michael Badgley,K,43,17,FA,0,14.0,0.85,0.97,698.0,153.6,-75.6,-86.0,-56.2,-29.8,0,
344,Jack Endries,TE,48,16,CIN,6,53.3,3.73,0.84,270,45.0,-75.6,-97.6,-34.8,-62.8,0,
345,Will Ferrin,K,44,18,FA,0,6.0,0.36,0.97,442.2,97.3,-76.3,-94.0,-43.4,-50.6,0,
346,CJ Daniels,WR,121,28,LAR,11,39.3,2.72,0.85,270,45.0,-76.4,-98.8,-34.8,-64.0,0,
347,Brenen Thompson,WR,122,28,LAC,7,39.0,2.84,0.807,270,45.0,-76.6,-99.1,-34.8,-64.3,0,
348,Bryce Lance,WR,123,28,NO,8,38.7,2.68,0.85,270,45.0,-76.8,-99.4,-34.8,-64.6,0,
349,Tez Johnson,WR,124,28,TB,10,38.4,2.66,0.85,270,45.0,-77.0,-99.7,-34.8,-64.9,0,
350,Demarcus Robinson,WR,125,28,SF,8,38.1,2.64,0.85,270,45.0,-77.2,-100.0,-34.8,-65.2,0,
351,Jaylin Lane,WR,126,28,WAS,7,37.7,2.61,0.85,270,45.0,-77.4,-100.4,-34.8,-65.6,0,
352,Xavier Hutchinson,WR,127,28,HOU,8,36.7,2.54,0.85,270,45.0,-78.1,-101.4,-34.8,-66.6,0,
353,Aaron Rodgers,QB,29,11,PIT,9,170.0,11.96,0.836,196.2,33.7,-78.3,-103.1,-32.3,-70.7,19,
354,Kaytron Allen,RB,74,23,WAS,7,45.9,3.34,0.808,239.1,52.6,-78.6,-103.1,-33.2,-69.9,0,
355,KeAndre Lambert-Smith,WR,128,28,LAC,7,35.5,2.46,0.85,270,45.0,-78.9,-102.6,-34.8,-67.8,0,
356,Treylon Burks,WR,129,29,WAS,7,34.8,2.41,0.85,270,45.0,-79.3,-103.3,-34.8,-68.5,0,
357,Jalen Tolbert,WR,130,29,MIA,6,34.2,2.37,0.85,270,45.0,-79.7,-103.9,-34.8,-69.1,0,
358,Jalen Royals,WR,131,29,KC,5,33.9,2.35,0.85,270,45.0,-79.9,-104.2,-34.8,-69.4,0,
359,Joe Royer,TE,49,16,CLE,11,57.8,7.36,0.462,683.0,150.3,-79.9,-93.1,-55.4,-37.7,0,
360,Jaylen Wright,RB,75,23,MIA,6,44.1,3.24,0.8,247.9,54.5,-80.0,-104.9,-33.7,-71.2,0,
361,Odell Beckham,WR,132,30,NYG,8,28.0,2.02,0.816,163.7,17.8,-80.2,-110.1,-24.7,-85.4,7,
362,Lenny Krieg,K,45,18,GB,11,6.0,0.36,0.97,677.5,149.1,-80.4,-94.0,-55.2,-38.8,0,
363,Kaelon Black,RB,76,23,SF,8,42.3,3.08,0.808,176.3,26.7,-80.7,-106.7,-32.3,-74.4,79,
364,Joshua Palmer,WR,133,30,BUF,7,32.6,2.26,0.85,270,45.0,-80.7,-105.5,-34.8,-70.7,0,
365,Kyle Williams,WR,134,30,NE,11,31.2,2.16,0.85,222.1,48.9,-80.8,-106.9,-32.4,-74.5,0,
366,Kevin Coleman,WR,135,30,MIA,6,32.4,2.24,0.85,270,45.0,-80.9,-105.7,-34.8,-70.9,0,
367,Savion Williams,WR,136,30,GB,11,32.0,4.71,0.357,270,45.0,-81.1,-106.1,-34.8,-71.3,0,
368,Isaiah Williams,WR,137,30,NYJ,13,31.3,2.17,0.85,270,45.0,-81.6,-106.8,-34.8,-72.0,0,
369,Colbie Young,WR,138,30,CIN,6,31.0,2.15,0.85,270,45.0,-81.8,-107.1,-34.8,-72.3,0,
370,Jimmy Horn,WR,139,30,CAR,5,30.2,2.09,0.85,270,45.0,-82.3,-107.9,-34.8,-73.1,0,
371,Devontez Walker,WR,140,31,BAL,13,29.9,2.07,0.85,270,45.0,-82.5,-108.2,-34.8,-73.4,0,
372,Nick Westbrook-Ikhine,WR,141,31,IND,13,29.5,2.04,0.85,270,45.0,-82.8,-108.6,-34.8,-73.8,0,
373,Elijah Higgins,TE,50,17,ARI,14,41.9,2.93,0.84,270,45.0,-83.0,-109.0,-34.8,-74.2,0,
374,Brandin Cooks,WR,142,31,FA,0,28.8,2.08,0.816,270,45.0,-83.2,-109.3,-34.8,-74.5,0,
375,Tyler Lockett,WR,143,31,FA,0,28.3,2.04,0.816,270,45.0,-83.5,-109.8,-34.8,-75.0,0,
376,Rasheen Ali,RB,77,24,BAL,13,38.7,2.85,0.8,270,45.0,-83.9,-110.3,-34.8,-75.5,0,
377,Kalif Raymond,WR,144,31,CHI,10,27.7,1.92,0.85,270,45.0,-83.9,-110.4,-34.8,-75.6,0,
378,Daniel Bellinger,TE,51,17,TEN,9,40.1,2.81,0.84,270,45.0,-84.2,-110.8,-34.8,-76.0,0,
379,Roman Wilson,WR,145,31,PIT,9,26.8,1.85,0.85,270,45.0,-84.5,-111.3,-34.8,-76.5,0,
380,Oscar Delp,TE,52,17,NO,8,39.4,2.9,0.798,270,45.0,-84.6,-111.5,-34.8,-76.7,0,
381,Reggie Virgil,WR,146,31,ARI,14,26.1,1.81,0.85,270,45.0,-85.0,-112.0,-34.8,-77.2,0,
382,Jahdae Walker,WR,147,31,CHI,10,25.9,1.79,0.85,270,45.0,-85.1,-112.2,-34.8,-77.4,0,
383,George Holani,RB,78,25,SEA,11,25.2,1.85,0.8,157.2,13.0,-85.2,-123.8,-13.5,-110.3,8,
384,Charlie Kolar,TE,53,17,LAC,7,38.4,2.69,0.84,270,45.0,-85.3,-112.5,-34.8,-77.7,0,
385,Seth McGowan,RB,79,25,IND,13,36.3,2.64,0.808,270,45.0,-85.4,-112.7,-34.8,-77.9,0,
386,Emari Demercado,RB,80,25,DAL,14,36.3,2.67,0.8,270,45.0,-85.4,-112.7,-34.8,-77.9,0,
387,Trevor Etienne,RB,81,25,CAR,5,36.2,5.32,0.336,270,45.0,-85.5,-112.8,-34.8,-78.0,0,
388,Lil'Jordan Humphrey,WR,148,32,DEN,10,24.0,1.66,0.85,270,45.0,-86.3,-114.1,-34.8,-79.3,0,
389,Zach Ertz,TE,54,17,FA,0,36.7,2.68,0.806,270,45.0,-86.4,-114.2,-34.8,-79.4,0,
390,Noah Fant,TE,55,17,NO,8,36.6,2.56,0.84,270,45.0,-86.5,-114.3,-34.8,-79.5,0,
391,Eric McAlister,WR,149,32,FA,0,30.1,2.19,0.807,509.9,112.2,-86.6,-108.0,-46.8,-61.2,0,
392,Deion Burks,WR,150,33,IND,13,23.3,1.61,0.85,270,45.0,-86.8,-114.8,-34.8,-80.0,0,
393,Jordan Whittington,WR,151,33,LAR,11,23.3,1.61,0.85,270,45.0,-86.8,-114.8,-34.8,-80.0,0,
394,David Sills,WR,152,33,TB,10,26.9,3.96,0.357,405.0,89.1,-86.8,-111.2,-41.5,-69.7,0,
395,Jonnu Smith,TE,56,17,GB,11,35.9,2.51,0.84,270,45.0,-86.9,-115.0,-34.8,-80.2,0,
396,Will Shipley,RB,82,26,PHI,10,33.8,2.49,0.8,270,45.0,-87.1,-115.2,-34.8,-80.4,0,
397,Kaleb Johnson,RB,83,27,GB,11,32.0,2.35,0.8,214.2,47.1,-87.4,-117.0,-32.3,-84.7,0,
398,Devin Neal,RB,84,27,FA,0,31.9,2.47,0.76,211.9,46.6,-87.4,-117.1,-32.3,-84.8,0,
399,Michael Trigg,TE,57,18,DAL,14,33.8,2.37,0.84,249.7,54.9,-87.9,-117.1,-33.8,-83.3,0,
400,Sam Roush,TE,58,18,CHI,10,33.5,2.35,0.84,270,45.0,-88.5,-117.4,-34.8,-82.6,0,
401,Cade Stover,TE,59,18,HOU,8,33.2,2.32,0.84,270,45.0,-88.7,-117.7,-34.8,-82.9,0,
402,Eli Raridon,TE,60,18,NE,11,33.0,2.31,0.84,270,45.0,-88.8,-117.9,-34.8,-83.1,0,
403,Tyler Higbee,TE,61,18,LAR,11,32.9,2.3,0.84,270,45.0,-88.9,-118.0,-34.8,-83.2,0,
404,Tanner Koziol,TE,62,18,JAX,7,32.8,2.3,0.84,270,45.0,-88.9,-118.1,-34.8,-83.3,0,
405,J'Mari Taylor,RB,85,27,JAX,7,30.7,2.24,0.808,270,45.0,-89.1,-118.3,-34.8,-83.5,0,
406,Devin Singletary,RB,86,27,NYG,8,30.6,2.42,0.744,270,45.0,-89.1,-118.4,-34.8,-83.6,0,
407,Jacoby Brissett,QB,30,12,ARI,14,153.0,10.23,0.88,200.0,45.0,-89.4,-120.1,-32.3,-87.7,22,
408,Aaron Anderson,WR,153,33,FA,0,30.2,2.2,0.807,674.9,148.5,-89.4,-107.9,-55.0,-52.9,0,
409,Adam Randall,RB,87,27,BAL,13,30.1,4.43,0.339,270,45.0,-89.5,-118.9,-34.8,-84.1,0,
410,DJ Giddens,RB,88,27,IND,13,30.0,2.21,0.8,270,45.0,-89.5,-119.0,-34.8,-84.2,0,
411,John Bates,TE,63,18,WAS,7,31.8,2.34,0.798,270,45.0,-89.6,-119.1,-34.8,-84.3,0,
412,Tommy Tremble,TE,64,18,CAR,5,31.8,2.23,0.84,270,45.0,-89.6,-119.1,-34.8,-84.3,0,
413,Matt Hibner,TE,65,19,BAL,13,31.8,2.23,0.84,270,45.0,-89.6,-119.1,-34.8,-84.3,0,
414,Drew Sample,TE,66,19,CIN,6,31.6,2.21,0.84,270,45.0,-89.7,-119.3,-34.8,-84.5,0,
415,Josh Oliver,TE,67,19,MIN,6,31.4,2.2,0.84,270,45.0,-89.8,-119.5,-34.8,-84.7,0,
416,Luke Schoonmaker,TE,68,19,DAL,14,31.4,2.2,0.84,270,45.0,-89.8,-119.5,-34.8,-84.7,0,
417,John Michael Gyllenborg,TE,69,19,KC,5,40.4,5.94,0.353,611.2,134.5,-90.0,-110.5,-51.8,-58.7,0,
418,Eric Rivers,WR,154,33,TB,10,29.4,2.03,0.85,695.3,153.0,-90.3,-108.7,-56.0,-52.7,0,
419,Tai Felton,WR,155,33,MIN,6,29.2,2.02,0.85,692.7,152.4,-90.4,-108.9,-55.9,-53.0,0,
420,Jermaine Burton,WR,156,34,FA,0,26.0,1.8,0.85,594.0,130.7,-90.7,-112.1,-51.0,-61.1,0,
421,Marquez Valdes-Scantling,WR,157,34,FA,0,26.9,1.86,0.85,629.8,138.6,-90.8,-111.2,-52.8,-58.4,0,
422,Najee Harris,RB,89,28,NYG,8,26.3,1.93,0.8,175.5,42.1,-91.1,-122.7,-32.3,-90.4,19,
423,Marlin Klein,TE,70,20,HOU,8,29.5,2.07,0.84,270,45.0,-91.1,-121.4,-34.8,-86.6,0,
424,Brevyn Spann-Ford,TE,71,20,DAL,14,29.4,2.06,0.84,270,45.0,-91.1,-121.5,-34.8,-86.7,0,
425,Brashard Smith,RB,90,28,KC,5,26.3,1.93,0.8,226.3,49.8,-91.2,-122.7,-32.6,-90.1,0,
426,Xavier Smith,WR,158,35,LAR,11,24.1,1.67,0.85,551.0,121.2,-91.2,-114.0,-48.8,-65.2,0,
427,Jawhar Jordan,RB,91,28,HOU,8,27.0,1.99,0.8,270,45.0,-91.5,-122.0,-34.8,-87.2,0,
428,Austin Hooper,TE,72,20,ATL,11,33.2,2.32,0.84,430.0,94.6,-91.5,-117.7,-42.8,-74.9,0,
429,Ben Sinnott,TE,73,21,WAS,7,27.5,2.03,0.798,270,45.0,-92.4,-123.4,-34.8,-88.6,0,
430,Demond Claiborne,RB,92,29,MIN,6,24.8,1.81,0.808,242.0,53.2,-92.4,-124.2,-33.4,-90.8,0,
431,Nate Boerkircher,TE,74,21,JAX,7,27.4,1.92,0.84,270,45.0,-92.4,-123.5,-34.8,-88.7,0,
432,Tahj Brooks,RB,93,29,CIN,6,24.4,1.79,0.8,270,45.0,-93.2,-124.6,-34.8,-89.8,0,
433,Kareem Hunt,RB,94,29,FA,0,24.2,2.02,0.704,270,45.0,-93.3,-124.8,-34.8,-90.0,0,
434,Audric Estime,RB,95,30,NO,8,22.6,1.66,0.8,237.4,52.2,-93.8,-126.4,-33.2,-93.2,0,
435,Ollie Gordon,RB,96,30,MIA,6,23.2,1.8,0.76,270,45.0,-93.9,-125.8,-34.8,-91.0,0,
436,Ja'Tavion Sanders,TE,75,22,CAR,5,24.9,1.74,0.84,270,45.0,-94.1,-126.0,-34.8,-91.2,0,
437,Jaren Kanak,TE,76,22,TEN,9,31.6,4.65,0.353,530.2,116.6,-94.3,-119.3,-47.8,-71.5,0,
438,Tutu Atwell,WR,159,36,LAR,11,10.7,0.74,0.85,270,45.0,-95.0,-127.4,-34.8,-92.6,0,
439,Jackson Hawes,TE,77,22,BUF,7,31.9,2.23,0.84,613.5,135.0,-95.5,-119.0,-52.0,-67.0,0,
440,Jam Miller,RB,97,31,FA,0,20.4,1.56,0.768,270,45.0,-95.8,-128.6,-34.8,-93.8,0,
441,Luke McCaffrey,WR,160,37,WAS,7,9.3,0.64,0.85,270,45.0,-95.9,-128.8,-34.8,-94.0,0,
442,Isaiah Hodgins,WR,161,37,FA,0,9.2,0.64,0.85,270,45.0,-96.0,-128.9,-34.8,-94.1,0,
443,Theo Wease,WR,162,37,LAC,7,8.9,0.62,0.85,270,45.0,-96.2,-129.2,-34.8,-94.4,0,
444,Lance Mason,TE,78,22,FA,0,31.6,2.21,0.84,685.2,150.7,-97.0,-119.3,-55.5,-63.8,0,
445,Malachi Corley,WR,163,38,CLE,11,6.8,0.47,0.85,242.0,53.2,-97.0,-131.3,-33.4,-97.9,0,
446,Miles Kitselman,TE,79,22,FA,0,31.6,2.33,0.798,694.9,152.9,-97.2,-119.3,-56.0,-63.3,0,
447,Darius Cooper,WR,164,38,PHI,10,6.7,0.46,0.85,270,45.0,-97.6,-131.4,-34.8,-96.6,0,
448,Dane Key,WR,165,38,DEN,10,6.6,0.46,0.85,270,45.0,-97.6,-131.5,-34.8,-96.7,0,
449,Kevin Austin,WR,166,38,NO,8,6.5,0.45,0.85,270,45.0,-97.7,-131.6,-34.8,-96.8,0,
450,Tim Patrick,WR,167,38,NYJ,13,13.7,0.95,0.85,573.0,126.1,-98.3,-124.4,-49.9,-74.5,0,
451,Dee Eskridge,WR,168,39,FA,0,4.9,0.34,0.85,270,45.0,-98.8,-133.2,-34.8,-98.4,0,
452,Dyami Brown,WR,169,39,WAS,7,4.9,0.34,0.85,270,45.0,-98.8,-133.2,-34.8,-98.4,0,
453,Kameron Johnson,WR,170,39,TB,10,4.8,0.33,0.85,270,45.0,-98.8,-133.3,-34.8,-98.5,0,
454,Dont'e Thornton,WR,171,39,LV,13,4.7,0.69,0.357,270,45.0,-98.9,-133.4,-34.8,-98.6,0,
455,Efton Chism,WR,172,39,NE,11,4.6,0.32,0.85,270,45.0,-98.9,-133.5,-34.8,-98.7,0,
456,Jacob Saylors,RB,98,31,DET,6,25.5,1.87,0.8,643.8,141.6,-99.0,-123.5,-53.5,-70.0,0,
457,Chase Roberts,WR,173,39,FA,0,6.6,0.48,0.807,350.0,77.0,-99.0,-131.5,-38.8,-92.7,0,
458,Kaden Wetjen,WR,174,40,PIT,9,4.2,0.29,0.85,270,45.0,-99.2,-133.9,-34.8,-99.1,0,
459,Jake Bobo,WR,175,40,SEA,11,4.2,0.62,0.357,270,45.0,-99.2,-133.9,-34.8,-99.1,0,
460,Desmond Reid,RB,99,31,FA,0,25.3,1.94,0.768,652.5,143.6,-99.3,-123.7,-53.9,-69.8,0,
461,JuJu Smith-Schuster,WR,176,40,FA,0,4.1,0.3,0.807,270,45.0,-99.3,-134.0,-34.8,-99.2,0,
462,Chris Moore,WR,177,40,BAL,13,4.1,0.28,0.85,270,45.0,-99.3,-134.0,-34.8,-99.2,0,
463,Will Dissly,TE,80,23,FA,0,27.0,1.99,0.798,647.0,142.3,-99.3,-123.9,-53.6,-70.3,0,
464,Adam Trautman,TE,81,23,DEN,10,27.8,1.95,0.84,682.8,150.2,-99.4,-123.1,-55.4,-67.7,0,
465,Josh Cuevas,TE,82,23,BAL,13,27.8,1.95,0.84,697.1,153.4,-99.7,-123.1,-56.1,-67.0,0,
466,Anthony Gould,WR,178,41,IND,13,3.2,0.22,0.85,270,45.0,-99.9,-134.9,-34.8,-100.1,0,
467,Brock Wright,TE,83,23,DET,6,27.3,1.91,0.84,690.8,152.0,-99.9,-123.6,-55.8,-67.8,0,
468,Ashton Dulin,WR,179,42,IND,13,3.0,0.21,0.85,270,45.0,-100.0,-135.1,-34.8,-100.3,0,
469,Mitchell Evans,TE,84,24,CAR,5,15.7,1.1,0.84,270,45.0,-100.1,-135.2,-34.8,-100.4,0,
470,Tip Reiman,TE,85,24,ARI,14,15.4,1.96,0.462,270,45.0,-100.2,-135.5,-34.8,-100.7,0,
471,DeAndre Hopkins,WR,180,43,FA,0,2.5,0.18,0.816,270,45.0,-100.3,-135.6,-34.8,-100.8,0,
472,Jordan Watkins,WR,181,43,SF,8,2.4,0.17,0.85,270,45.0,-100.4,-135.7,-34.8,-100.9,0,
473,Van Jefferson,WR,182,43,WAS,7,6.8,0.47,0.85,453.5,99.8,-100.7,-131.3,-44.0,-87.3,0,
474,DeAndre Carter,WR,183,44,FA,0,1.8,0.13,0.816,270,45.0,-100.8,-136.3,-34.8,-101.5,0,
475,Jacob Cowing,WR,184,45,SF,8,1.7,0.12,0.807,270,45.0,-100.8,-136.4,-34.8,-101.6,0,
476,Grant Calcaterra,TE,86,24,PHI,10,25.6,3.76,0.353,685.8,150.9,-100.9,-125.3,-55.6,-69.7,0,
477,Raheem Mostert,RB,100,32,FA,0,12.5,1.1,0.669,270,45.0,-100.9,-136.5,-34.8,-101.7,0,
478,Michael Penix,QB,31,13,ATL,11,135.2,10.04,0.792,227.9,50.1,-101.1,-137.9,-32.7,-105.2,0,
479,Dylan Laube,RB,101,33,LV,13,11.9,0.87,0.8,270,45.0,-101.3,-137.1,-34.8,-102.3,0,
480,LaJohntay Wester,WR,185,46,BAL,13,1.0,0.07,0.85,270,45.0,-101.3,-137.1,-34.8,-102.3,0,
481,James Proche,WR,186,47,FA,0,0.6,0.04,0.85,270,45.0,-101.5,-137.5,-34.8,-102.7,0,
482,Nikko Remigio,WR,187,47,KC,5,0.6,0.04,0.85,270,45.0,-101.5,-137.5,-34.8,-102.7,0,
483,Noah Brown,WR,188,47,FA,0,9.3,0.64,0.85,633.8,139.4,-102.3,-128.8,-53.0,-75.8,0,
484,Jarquez Hunter,RB,102,34,FA,0,9.6,0.71,0.8,240.6,52.9,-102.3,-139.4,-33.3,-106.1,0,
485,Tyler Johnson,WR,189,48,FA,0,6.5,0.45,0.85,537.5,118.2,-102.4,-131.6,-48.2,-83.4,0,
486,Arian Smith,WR,190,48,NYJ,13,7.1,0.49,0.85,562.2,123.7,-102.4,-131.0,-49.4,-81.6,0,
487,Jeremy McNichols,RB,103,34,WAS,7,9.4,1.38,0.296,270,45.0,-102.9,-139.6,-34.8,-104.8,0,
488,Austin Ekeler,RB,104,34,FA,0,9.3,0.78,0.704,270,45.0,-103.0,-139.7,-34.8,-104.9,0,
489,Bo Melton,WR,191,48,GB,11,9.8,0.68,0.85,695.0,152.9,-103.0,-128.3,-56.0,-72.3,0,
490,Dare Ogunbowale,RB,105,34,LV,13,9.2,0.77,0.704,270,45.0,-103.0,-139.8,-34.8,-105.0,0,
491,Josh Reynolds,WR,192,49,FA,0,6.5,0.45,0.85,583.7,128.4,-103.2,-131.6,-50.5,-81.1,0,
492,Cody White,WR,193,49,LV,13,8.5,0.59,0.85,664.0,146.1,-103.3,-129.6,-54.5,-75.1,0,
493,Tyler Badie,RB,106,35,DEN,10,8.4,0.62,0.8,270,45.0,-103.6,-140.6,-34.8,-105.8,0,
494,Dante Pettis,WR,194,50,FA,0,7.3,0.51,0.85,636.7,140.1,-103.6,-130.8,-53.1,-77.7,0,
495,Xavier Weaver,WR,195,50,FA,0,7.1,0.52,0.807,647.0,142.3,-103.9,-131.0,-53.6,-77.4,0,
496,Taysom Hill,TE,87,25,FA,0,9.5,0.67,0.84,270,45.0,-104.1,-141.4,-34.8,-106.6,0,
497,Roschon Johnson,RB,107,36,CHI,10,7.6,0.56,0.8,270,45.0,-104.1,-141.4,-34.8,-106.6,0,
498,Jaleel McLaughlin,RB,108,36,CLE,11,7.5,0.55,0.8,270,45.0,-104.1,-141.5,-34.8,-106.7,0,
499,Jeremy Ruckert,TE,88,25,NYJ,13,9.3,0.65,0.84,270,45.0,-104.2,-141.6,-34.8,-106.8,0,
500,Noah Thomas,WR,196,51,CIN,6,6.6,0.46,0.85,646.8,142.3,-104.2,-131.5,-53.6,-77.9,0,
501,Ronnie Rivers,RB,109,37,LAR,11,7.1,0.52,0.8,270,45.0,-104.4,-141.9,-34.8,-107.1,0,
502,David Moore,WR,197,52,CAR,5,4.3,0.3,0.85,575.5,126.6,-104.5,-133.8,-50.1,-83.7,0,
503,Trebor Pena,WR,198,52,JAX,7,6.6,0.46,0.85,662.5,145.8,-104.5,-131.5,-54.4,-77.1,0,
504,Kendre Miller,RB,110,38,NO,8,5.6,0.43,0.76,224.8,49.5,-104.6,-143.4,-32.5,-110.9,0,
505,Cedric Tillman,WR,199,52,NO,8,6.6,0.46,0.85,667.4,146.8,-104.6,-131.5,-54.7,-76.8,0,
506,Phil Mafah,RB,111,38,FA,0,6.7,0.49,0.8,270,45.0,-104.7,-142.3,-34.8,-107.5,0,
507,Mo Alie-Cox,TE,89,25,IND,13,15.4,1.08,0.84,527.6,116.1,-104.8,-135.5,-47.7,-87.8,0,
508,Lucas Krull,TE,90,26,DEN,10,8.1,0.57,0.84,270,45.0,-105.0,-142.8,-34.8,-108.0,0,
509,Isaac Guerendo,RB,112,39,SF,8,6.2,0.83,0.44,270,45.0,-105.0,-142.8,-34.8,-108.0,0,
510,Jalen Brooks,WR,200,52,ARI,14,6.5,0.45,0.85,691.3,152.1,-105.1,-131.6,-55.8,-75.8,0,
511,Dallin Holker,TE,91,27,FA,0,7.5,0.53,0.84,256.0,56.3,-105.1,-143.4,-34.1,-109.3,0,
512,Allen Lazard,WR,201,52,FA,0,6.4,0.44,0.85,694.8,152.9,-105.2,-131.7,-56.0,-75.7,0,
513,Tucker Fisk,TE,92,27,FA,0,7.5,0.53,0.84,270,45.0,-105.4,-143.4,-34.8,-108.6,0,
514,Julius Chestnut,RB,113,40,TEN,9,5.6,0.41,0.8,270,45.0,-105.4,-143.4,-34.8,-108.6,0,
515,Sterling Shepard,WR,202,53,FA,0,0.6,0.04,0.85,507.0,111.5,-105.7,-137.5,-46.6,-90.9,0,
516,Curtis Samuel,WR,203,53,FA,0,5.3,0.37,0.85,688.8,151.5,-105.8,-132.8,-55.7,-77.1,0,
517,Xavier Restrepo,WR,204,54,TEN,9,4.8,0.33,0.85,675.0,148.5,-105.9,-133.3,-55.0,-78.3,0,
518,Raheim Sanders,RB,114,41,CLE,11,4.7,0.35,0.8,270,45.0,-106.0,-144.3,-34.8,-109.5,0,
519,Tyrell Shavers,WR,205,55,BUF,7,4.0,0.5,0.468,651.4,143.3,-106.0,-134.1,-53.9,-80.2,0,
520,Dareke Young,WR,206,55,LV,13,4.6,0.32,0.85,676.0,148.7,-106.1,-133.5,-55.1,-78.4,0,
521,Tylan Wallace,WR,207,56,CLE,11,4.2,0.29,0.85,669.8,147.4,-106.2,-133.9,-54.8,-79.1,0,
522,Dameon Pierce,RB,115,42,PHI,10,4.3,0.32,0.8,270,45.0,-106.2,-144.7,-34.8,-109.9,0,
523,Ricky White,WR,208,56,SEA,11,4.2,0.29,0.85,676.5,148.8,-106.3,-133.9,-55.1,-78.8,0,
524,Jamal Haynes,RB,116,43,FA,0,4.0,0.29,0.808,270,45.0,-106.4,-145.0,-34.8,-110.2,0,
525,Sione Vaki,RB,117,43,DET,6,4.0,0.29,0.8,270,45.0,-106.4,-145.0,-34.8,-110.2,0,
526,Tanner Hudson,TE,93,28,CIN,6,5.8,0.41,0.84,270,45.0,-106.5,-145.1,-34.8,-110.3,0,
527,Antonio Gibson,RB,118,43,FA,0,3.9,0.3,0.76,270,45.0,-106.5,-145.1,-34.8,-110.3,0,
528,Stone Smartt,TE,94,28,NO,8,5.7,0.4,0.84,270,45.0,-106.6,-145.2,-34.8,-110.4,0,
529,Connor Heyward,RB,119,43,LV,13,14.7,1.08,0.8,682.0,150.0,-106.7,-134.3,-55.4,-78.9,0,
530,Drew Ogletree,TE,95,29,IND,13,5.4,0.38,0.84,270,45.0,-106.7,-145.5,-34.8,-110.7,0,
531,Trent Sherfield,WR,209,57,BUF,7,3.9,0.27,0.85,699.3,153.8,-106.9,-134.2,-56.2,-78.0,0,
532,Skyy Moore,WR,210,58,GB,11,3.0,0.21,0.85,685.4,150.8,-107.3,-135.1,-55.6,-79.5,0,
533,Gage Larvadain,WR,211,59,FA,0,1.9,0.13,0.85,648.0,142.6,-107.3,-136.2,-53.7,-82.5,0,
534,Blake Whiteheart,TE,96,30,CLE,11,4.4,0.31,0.84,270,45.0,-107.4,-146.5,-34.8,-111.7,0,
535,Luke Farrell,TE,97,30,SF,8,10.1,0.71,0.84,491.0,108.0,-107.6,-140.8,-45.8,-95.0,0,
536,Ben Yurosek,TE,98,31,MIN,6,4.0,0.28,0.84,270,45.0,-107.7,-146.9,-34.8,-112.1,0,
537,Jaydn Ott,RB,120,44,KC,5,11.2,0.82,0.808,635.8,139.9,-108.1,-137.8,-53.1,-84.7,0,
538,Clyde Edwards-Helaire,RB,121,45,FA,0,0.8,0.06,0.8,270,45.0,-108.5,-148.2,-34.8,-113.4,0,
539,Ben Skowronek,WR,212,60,PIT,9,0.6,0.04,0.807,667.7,146.9,-108.5,-137.5,-54.7,-82.8,0,
540,Josh Whyle,TE,99,31,GB,11,13.8,0.97,0.84,695.5,153.0,-108.7,-137.1,-56.1,-81.0,0,
541,Ko Kieft,TE,100,32,TB,10,2.3,0.16,0.84,270,45.0,-108.8,-148.6,-34.8,-113.8,0,
542,Shane Zylstra,TE,101,32,NE,11,2.3,0.16,0.84,270,45.0,-108.8,-148.6,-34.8,-113.8,0,
543,Feleipe Franks,TE,102,33,CAR,5,1.9,0.13,0.84,270,45.0,-109.0,-149.0,-34.8,-114.2,0,
544,Elijah Mitchell,RB,122,45,FA,0,9.3,0.72,0.76,655.5,144.2,-109.7,-139.7,-54.1,-85.6,0,
545,Quintin Morris,TE,103,33,JAX,7,8.0,0.56,0.84,559.5,123.1,-110.1,-142.9,-49.3,-93.6,0,
546,Payne Durham,TE,104,33,TB,10,8.1,0.57,0.84,564.0,124.1,-110.1,-142.8,-49.5,-93.3,0,
547,Foster Moreau,TE,105,33,HOU,8,9.8,0.69,0.84,638.3,140.4,-110.3,-141.1,-53.2,-87.9,0,
548,Dean Connors,RB,123,46,LAR,11,8.4,0.61,0.808,666.2,146.6,-110.5,-140.6,-54.6,-86.0,0,
549,Riley Nowakowski,TE,106,33,PIT,9,9.6,0.67,0.84,643.4,141.5,-110.6,-141.3,-53.5,-87.8,0,
550,Durham Smythe,TE,107,33,BAL,13,9.9,0.69,0.84,677.8,149.1,-111.0,-141.0,-55.2,-85.8,0,
551,Michael Carter,RB,124,46,TEN,9,8.1,0.6,0.8,686.5,151.0,-111.0,-140.9,-55.6,-85.3,0,
552,Ian Thomas,TE,108,34,LV,13,4.0,0.28,0.84,471.3,103.7,-111.2,-146.9,-44.8,-102.1,0,
553,Pierre Strong,RB,125,47,GB,11,7.5,0.55,0.8,682.0,150.0,-111.4,-141.5,-55.4,-86.1,0,
554,Jack Stoll,TE,109,34,FA,0,7.5,0.55,0.798,621.3,136.7,-111.5,-143.4,-52.3,-91.1,0,
555,Charlie Woerner,TE,110,34,ATL,11,8.0,0.56,0.84,641.5,141.1,-111.6,-142.9,-53.4,-89.5,0,
556,Kylen Granson,TE,111,35,TEN,9,4.0,0.28,0.84,505.0,111.1,-111.8,-146.9,-46.5,-100.4,0,
557,Ameer Abdullah,RB,126,48,JAX,7,4.8,0.4,0.704,612.4,134.7,-111.9,-144.2,-51.9,-92.3,0,
558,Eric Saubert,TE,112,35,SEA,11,5.7,0.4,0.84,575.5,126.6,-111.9,-145.2,-50.1,-95.1,0,
559,Seydou Traore,TE,113,35,MIA,6,8.0,0.56,0.84,668.6,147.1,-112.0,-142.9,-54.7,-88.2,0,
560,Zamir White,RB,127,48,NO,8,5.1,0.37,0.8,631.7,139.0,-112.0,-143.9,-52.9,-91.0,0,
561,Cam Akers,RB,128,48,FA,0,5.1,0.37,0.8,652.9,143.6,-112.4,-143.9,-53.9,-90.0,0,
562,Jack Velling,TE,114,36,ATL,11,7.3,0.51,0.84,664.6,146.2,-112.4,-143.6,-54.5,-89.1,0,
563,Devin Culp,TE,115,36,TB,10,7.3,0.51,0.84,668.9,147.2,-112.5,-143.6,-54.7,-88.9,0,
564,Kalel Mullings,RB,129,48,TEN,9,5.6,0.41,0.8,690.0,151.8,-112.7,-143.4,-55.8,-87.6,0,
565,Craig Reynolds,RB,130,49,WAS,7,4.4,0.35,0.744,646.0,142.1,-112.7,-144.6,-53.6,-91.0,0,
566,Zavier Scott,RB,131,49,CHI,10,5.6,0.41,0.8,693.0,152.5,-112.8,-143.4,-55.9,-87.5,0,
567,Nate Adkins,TE,116,37,DEN,10,5.7,0.4,0.84,627.5,138.1,-112.8,-145.2,-52.7,-92.5,0,
568,Kenny McIntosh,RB,132,50,FA,0,5.2,0.38,0.8,684.4,150.6,-112.9,-143.8,-55.5,-88.3,0,
569,Brevin Jordan,TE,117,37,HOU,8,6.1,0.45,0.798,651.3,143.3,-113.0,-144.8,-53.8,-91.0,0,
570,Tyler Goodson,RB,133,51,ATL,11,4.8,0.35,0.8,683.8,150.4,-113.1,-144.2,-55.5,-88.7,0,
571,Davis Allen,TE,118,37,LAR,11,5.9,0.43,0.798,660.7,145.4,-113.3,-145.0,-54.3,-90.7,0,
572,Jacardia Wright,RB,134,52,SEA,11,4.3,0.32,0.8,677.2,149.0,-113.4,-144.7,-55.1,-89.6,0,
573,Max Bredeson,RB,135,53,MIN,6,3.8,0.28,0.808,667.3,146.8,-113.5,-145.2,-54.6,-90.6,0,
574,Julian Hill,TE,119,38,NE,11,5.6,0.82,0.353,668.8,147.1,-113.6,-145.3,-54.7,-90.6,0,
575,Harrison Bryant,TE,120,39,FA,0,4.0,0.29,0.798,631.5,138.9,-114.0,-146.9,-52.9,-94.0,0,
576,Cameron Latu,TE,121,39,NE,11,4.0,0.28,0.84,673.1,148.1,-114.7,-146.9,-54.9,-92.0,0,
577,Chris Manhertz,TE,122,40,NYG,8,2.3,0.17,0.806,625.3,137.6,-115.0,-148.6,-52.5,-96.1,0,
578,Donovan Edwards,RB,136,54,FA,0,2.1,0.15,0.8,700.9,154.2,-115.2,-146.9,-56.3,-90.6,0,
579,Tyler Conklin,TE,123,41,DET,6,1.7,0.12,0.84,676.4,148.8,-116.3,-149.2,-55.1,-94.1,0,
580,Robert Tonyan,TE,124,41,PIT,9,1.9,0.13,0.84,687.9,151.3,-116.3,-149.0,-55.7,-93.3,0,
581,Deshaun Watson,QB,32,14,CLE,11,96.1,6.42,0.88,270,45.0,-127.2,-177.0,-34.8,-142.2,0,
582,Shedeur Sanders,QB,33,15,CLE,11,92.1,6.16,0.88,236.1,51.9,-129.2,-180.9,-33.1,-147.9,0,
583,Tua Tagovailoa,QB,34,16,ATL,11,87.0,5.81,0.88,236.5,52.0,-132.6,-186.1,-33.1,-153.0,0,
584,Carson Beck,QB,35,17,ARI,14,50.9,3.4,0.88,270,45.0,-156.6,-222.1,-34.8,-187.4,0,
585,Kirk Cousins,QB,36,18,LV,13,36.2,2.54,0.836,270,45.0,-166.2,-236.9,-34.8,-202.1,0,
586,Justin Fields,QB,37,19,KC,5,32.7,2.19,0.88,270,45.0,-168.4,-240.3,-34.8,-205.6,0,
587,Taylen Green,QB,38,20,CLE,11,28.3,1.89,0.88,270,45.0,-171.3,-244.8,-34.8,-210.0,0,
588,Joe Flacco,QB,39,21,CIN,6,26.7,1.88,0.836,270,45.0,-172.3,-246.3,-34.8,-211.6,0,
589,Derek Carr,QB,40,22,FA,0,25.2,2.81,0.528,270,45.0,-173.3,-247.9,-34.8,-213.1,0,
590,Mac Jones,QB,41,22,SF,8,24.7,1.65,0.88,270,45.0,-173.6,-248.3,-34.8,-213.6,0,
591,Cade Klubnik,QB,42,23,NYJ,13,22.0,1.47,0.88,270,45.0,-175.4,-251.1,-34.8,-216.3,0,
592,Will Howard,QB,43,24,PIT,9,20.5,1.37,0.88,270,45.0,-176.3,-252.6,-34.8,-217.8,0,
593,Anthony Richardson,QB,44,24,IND,13,20.3,1.36,0.88,270,45.0,-176.5,-252.7,-34.8,-218.0,0,
594,Gardner Minshew,QB,45,24,ARI,14,26.0,1.74,0.88,677.8,149.1,-179.9,-247.1,-55.2,-191.9,0,
595,J.J. McCarthy,QB,46,25,MIN,6,12.6,0.84,0.88,224.2,49.3,-180.7,-260.4,-32.5,-227.9,0,
596,Trey Lance,QB,47,25,LAC,7,13.6,0.91,0.88,270,45.0,-180.8,-259.4,-34.8,-224.7,0,
597,Ty Simpson,QB,48,26,LAR,11,12.6,0.84,0.88,241.8,53.2,-181.0,-260.4,-33.4,-227.1,0,
598,Jalen Milroe,QB,49,26,SEA,11,12.9,0.86,0.88,270,45.0,-181.3,-260.2,-34.8,-225.4,0,
599,Marcus Mariota,QB,50,27,WAS,7,12.1,0.85,0.836,270,45.0,-181.8,-260.9,-34.8,-226.2,0,
600,Jameis Winston,QB,51,27,NYG,8,11.9,0.79,0.88,270,45.0,-182.0,-261.2,-34.8,-226.4,0,
601,Will Levis,QB,52,27,FA,0,11.7,0.78,0.88,270,45.0,-182.1,-261.4,-34.8,-226.6,0,
602,Tyler Huntley,QB,53,27,BAL,13,11.7,0.78,0.88,270,45.0,-182.1,-261.4,-34.8,-226.6,0,
603,Spencer Rattler,QB,54,27,NO,8,11.7,0.78,0.88,270,45.0,-182.1,-261.4,-34.8,-226.6,0,
604,Diego Pavia,QB,55,27,FA,0,11.5,0.77,0.88,270,45.0,-182.2,-261.5,-34.8,-226.8,0,
605,Tyson Bagent,QB,56,27,CHI,10,11.5,0.77,0.88,270,45.0,-182.2,-261.6,-34.8,-226.8,0,
606,Carson Wentz,QB,57,27,MIN,6,11.4,0.76,0.88,270,45.0,-182.2,-261.6,-34.8,-226.8,0,
607,Riley Leonard,QB,58,28,IND,13,11.4,0.76,0.88,270,45.0,-182.2,-261.6,-34.8,-226.8,0,
608,Tanner McKee,QB,59,28,PHI,10,11.4,0.76,0.88,270,45.0,-182.2,-261.6,-34.8,-226.9,0,
609,Quinn Ewers,QB,60,28,JAX,7,11.4,0.76,0.88,270,45.0,-182.3,-261.7,-34.8,-226.9,0,
610,Joe Milton,QB,61,28,DAL,14,11.4,0.76,0.88,270,45.0,-182.3,-261.7,-34.8,-226.9,0,
611,Clayton Tune,QB,62,28,FA,0,11.4,0.76,0.88,270,45.0,-182.3,-261.7,-34.8,-226.9,0,
612,Tommy DeVito,QB,63,28,NE,11,11.4,0.76,0.88,270,45.0,-182.3,-261.7,-34.8,-226.9,0,
613,Jarrett Stidham,QB,64,28,DEN,10,11.2,0.75,0.88,270,45.0,-182.4,-261.8,-34.8,-227.1,0,
614,Davis Mills,QB,65,28,HOU,8,11.0,0.74,0.88,270,45.0,-182.5,-262.0,-34.8,-227.2,0,
615,Mitchell Trubisky,QB,66,29,TEN,9,10.9,0.77,0.836,270,45.0,-182.6,-262.1,-34.8,-227.3,0,
616,Dillon Gabriel,QB,67,29,CLE,11,10.9,1.6,0.37,270,45.0,-182.6,-262.2,-34.8,-227.4,0,
617,Andy Dalton,QB,68,29,PHI,10,10.8,0.76,0.836,270,45.0,-182.6,-262.2,-34.8,-227.5,0,
618,Mason Rudolph,QB,69,29,PIT,9,10.7,0.71,0.88,270,45.0,-182.7,-262.4,-34.8,-227.6,0,
619,Teddy Bridgewater,QB,70,29,FA,0,10.6,1.18,0.528,270,45.0,-182.8,-262.5,-34.8,-227.7,0,
620,Drew Allar,QB,71,29,PIT,9,20.0,1.34,0.88,699.6,153.9,-184.2,-253.0,-56.3,-196.8,0,
621,Josh Johnson,QB,72,30,CIN,6,10.3,0.73,0.836,544.0,119.7,-187.7,-262.7,-48.5,-214.2,0,
622,Tyrod Taylor,QB,73,30,GB,11,11.9,0.84,0.836,658.2,144.8,-188.7,-261.2,-54.2,-207.0,0,
623,Nick Mullens,QB,74,31,JAX,7,11.0,0.74,0.88,660.0,145.2,-189.3,-262.0,-54.3,-207.7,0,
624,Kyle Allen,QB,75,31,BUF,7,11.0,0.74,0.88,665.6,146.4,-189.4,-262.1,-54.6,-207.5,0,
625,Jimmy Garoppolo,QB,76,31,FA,0,11.3,0.76,0.88,685.4,150.8,-189.6,-261.7,-55.6,-206.2,0,
626,Joshua Dobbs,QB,77,31,DET,6,11.4,0.76,0.88,692.3,152.3,-189.6,-261.7,-55.9,-205.8,0,
